<linker>
  <assembly fullname="Assembly-CSharp, Version=0.0.0.0, Culture=neutral, PublicKeyToken=null">
    <type fullname="BuffController" preserve="all" />
    <type fullname="BuffData" preserve="all" />
    <type fullname="CastleCondition" preserve="all" />
    <type fullname="CollectionIcon" preserve="all" />
    <type fullname="CollectionUI" preserve="all" />
    <type fullname="EventData" preserve="all" />
    <type fullname="EventMarkIcon" preserve="all" />
    <type fullname="EvolutionDragIcon" preserve="all" />
    <type fullname="EvolutionNode" preserve="all" />
    <type fullname="EvolutionSlot" preserve="all" />
    <type fullname="EvolutionTree" preserve="all" />
    <type fullname="EvolutionTreeUI" preserve="all" />
    <type fullname="GameEventContextUI" preserve="all" />
    <type fullname="GameEventProgressMirrorUI" preserve="all" />
    <type fullname="GameEventProgressUI" preserve="all" />
    <type fullname="GameHUD" preserve="all" />
    <type fullname="GameResultUI" preserve="all" />
    <type fullname="GameTimerUI" preserve="all" />
    <type fullname="GameUnitResultUI" preserve="all" />
    <type fullname="GaugeUI" preserve="all" />
    <type fullname="HealthHandler" preserve="all" />
    <type fullname="HealthUI" preserve="all" />
    <type fullname="Hero" preserve="all" />
    <type fullname="HeroAbilityAxe" preserve="all" />
    <type fullname="HeroAbilityBible" preserve="all" />
    <type fullname="HeroAbilityBurst" preserve="all" />
    <type fullname="HeroAbilityChain" preserve="all" />
    <type fullname="HeroAbilityData" preserve="all" />
    <type fullname="HeroAbilityFireball" preserve="all" />
    <type fullname="HeroAbilityHold" preserve="all" />
    <type fullname="HeroAbilityLevelUpData" preserve="all" />
    <type fullname="HeroAbilityMeleeAttack" preserve="all" />
    <type fullname="HeroAbilityMissile" preserve="all" />
    <type fullname="HeroAbilityRangeAttack" preserve="all" />
    <type fullname="HeroAbilitySpear" preserve="all" />
    <type fullname="HeroAbilityThunder" preserve="all" />
    <type fullname="HeroController" preserve="all" />
    <type fullname="HeroStatusData" preserve="all" />
    <type fullname="MenuButtonsSetSiblingIndex" preserve="all" />
    <type fullname="MenuHUD" preserve="all" />
    <type fullname="MiniBarrack" preserve="all" />
    <type fullname="MiniCastle" preserve="all" />
    <type fullname="MiniMapClick" preserve="all" />
    <type fullname="MonsterData" preserve="all" />
    <type fullname="MonsterDescriptionTrigger" preserve="all" />
    <type fullname="MonsterDescriptionUI" preserve="all" />
    <type fullname="MonsterSlot" preserve="all" />
    <type fullname="OptionController" preserve="all" />
    <type fullname="OwnedEnhanceItem" preserve="all" />
    <type fullname="PauseUI" preserve="all" />
    <type fullname="PopupUI" preserve="all" />
    <type fullname="QueenAbilityData" preserve="all" />
    <type fullname="QueenAbilityUIController" preserve="all" />
    <type fullname="QueenActiveSkillData" preserve="all" />
    <type fullname="QueenActiveSkillSlot" preserve="all" />
    <type fullname="QueenEnhanceData" preserve="all" />
    <type fullname="QueenEnhanceStatusUI" preserve="all" />
    <type fullname="QueenEnhanceUI" preserve="all" />
    <type fullname="QueenPassiveSkillData" preserve="all" />
    <type fullname="QueenSelectItem" preserve="all" />
    <type fullname="QueenSelectUI" preserve="all" />
    <type fullname="QueenSkillSwapItem" preserve="all" />
    <type fullname="QueenStatusData" preserve="all" />
    <type fullname="SelectInhanceItem" preserve="all" />
    <type fullname="SkillDescriptionUI" preserve="all" />
    <type fullname="SkillDescriptionUITrigger" preserve="all" />
    <type fullname="SliderTextBinder" preserve="all" />
    <type fullname="SlotChange" preserve="all" />
    <type fullname="SpritePos" preserve="all" />
    <type fullname="SPUM_MatchingList" preserve="all" />
    <type fullname="SPUM_Prefabs" preserve="all" />
    <type fullname="StatHandler" preserve="all" />
    <type fullname="ToolTipData" preserve="all" />
    <type fullname="ToolTipUI" preserve="all" />
    <type fullname="TrophyData" preserve="all" />
    <type fullname="TrophyPanel" preserve="all" />
    <type fullname="TrophyUI" preserve="all" />
    <type fullname="HeroStatusInfo" preserve="nothing" serialized="true" />
    <type fullname="MatchingElement" preserve="nothing" serialized="true" />
    <type fullname="PreviewMatchingElement" preserve="nothing" serialized="true" />
    <type fullname="SpumAnimationClip" preserve="nothing" serialized="true" />
    <type fullname="SpumPackage" preserve="nothing" serialized="true" />
    <type fullname="SpumTextureData" preserve="nothing" serialized="true" />
    <type fullname="BuffInfo" preserve="nothing" serialized="true" />
    <type fullname="EventInfo" preserve="nothing" serialized="true" />
    <type fullname="HeroAbilityInfo" preserve="nothing" serialized="true" />
    <type fullname="HeroAbilityLevelUpInfo" preserve="nothing" serialized="true" />
    <type fullname="LevelInfo" preserve="nothing" serialized="true" />
    <type fullname="MonsterInfo" preserve="nothing" serialized="true" />
    <type fullname="QueenAbilityInfo" preserve="nothing" serialized="true" />
    <type fullname="QueenActiveSkillInfo" preserve="nothing" serialized="true" />
    <type fullname="QueenEnhanceInfo" preserve="nothing" serialized="true" />
    <type fullname="QueenPassiveSkillInfo" preserve="nothing" serialized="true" />
    <type fullname="QueenStatusInfo" preserve="nothing" serialized="true" />
    <type fullname="ToolTipInfo" preserve="nothing" serialized="true" />
    <type fullname="TrophyInfo" preserve="nothing" serialized="true" />
    <type fullname="MainUIButtonPanel" preserve="nothing" serialized="true" />
    <type fullname="MonsterCategoryGroup" preserve="nothing" serialized="true" />
    <type fullname="Page" preserve="nothing" serialized="true" />
    <type fullname="QueenBasicSkillDescription" preserve="nothing" serialized="true" />
  </assembly>
  <assembly fullname="Unity.Addressables, Version=0.0.0.0, Culture=neutral, PublicKeyToken=null" preserve="all">
    <type fullname="UnityEngine.AddressableAssets.Addressables" preserve="all" />
  </assembly>
  <assembly fullname="Unity.ResourceManager, Version=0.0.0.0, Culture=neutral, PublicKeyToken=null" preserve="all">
    <type fullname="UnityEngine.ResourceManagement.ResourceProviders.AssetBundleProvider" preserve="all" />
    <type fullname="UnityEngine.ResourceManagement.ResourceProviders.BundledAssetProvider" preserve="all" />
    <type fullname="UnityEngine.ResourceManagement.ResourceProviders.InstanceProvider" preserve="all" />
    <type fullname="UnityEngine.ResourceManagement.ResourceProviders.LegacyResourcesProvider" preserve="all" />
    <type fullname="UnityEngine.ResourceManagement.ResourceProviders.SceneProvider" preserve="all" />
  </assembly>
  <assembly fullname="Unity.TextMeshPro, Version=0.0.0.0, Culture=neutral, PublicKeyToken=null">
    <type fullname="TMPro.TextMeshProUGUI" preserve="all" />
    <type fullname="TMPro.TMP_FontAsset" preserve="all" />
    <type fullname="TMPro.FaceInfo_Legacy" preserve="nothing" serialized="true" />
    <type fullname="TMPro.FontAssetCreationSettings" preserve="nothing" serialized="true" />
    <type fullname="TMPro.KerningTable" preserve="nothing" serialized="true" />
    <type fullname="TMPro.TMP_Character" preserve="nothing" serialized="true" />
    <type fullname="TMPro.TMP_FontFeatureTable" preserve="nothing" serialized="true" />
    <type fullname="TMPro.TMP_FontWeightPair" preserve="nothing" serialized="true" />
    <type fullname="TMPro.VertexGradient" preserve="nothing" serialized="true" />
  </assembly>
  <assembly fullname="UnityEngine.AIModule, Version=0.0.0.0, Culture=neutral, PublicKeyToken=null">
    <type fullname="UnityEngine.AI.NavMeshAgent" preserve="all" />
    <type fullname="UnityEngine.AI.NavMeshObstacle" preserve="all" />
  </assembly>
  <assembly fullname="UnityEngine.AnimationModule, Version=0.0.0.0, Culture=neutral, PublicKeyToken=null">
    <type fullname="UnityEngine.AnimationClip" preserve="all" />
    <type fullname="UnityEngine.Animator" preserve="all" />
    <type fullname="UnityEngine.RuntimeAnimatorController" preserve="all" />
  </assembly>
  <assembly fullname="UnityEngine.CoreModule, Version=0.0.0.0, Culture=neutral, PublicKeyToken=null">
    <type fullname="UnityEngine.GameObject" preserve="all" />
    <type fullname="UnityEngine.Material" preserve="all" />
    <type fullname="UnityEngine.Object" preserve="all" />
    <type fullname="UnityEngine.RectTransform" preserve="all" />
    <type fullname="UnityEngine.Rendering.SortingGroup" preserve="all" />
    <type fullname="UnityEngine.RenderTexture" preserve="all" />
    <type fullname="UnityEngine.Shader" preserve="all" />
    <type fullname="UnityEngine.Sprite" preserve="all" />
    <type fullname="UnityEngine.SpriteRenderer" preserve="all" />
    <type fullname="UnityEngine.Texture2D" preserve="all" />
    <type fullname="UnityEngine.Transform" preserve="all" />
    <type fullname="UnityEngine.U2D.SpriteAtlas" preserve="all" />
    <type fullname="UnityEngine.Events.PersistentCallGroup" preserve="nothing" serialized="true" />
    <type fullname="UnityEngine.Events.ArgumentCache" preserve="nothing" serialized="true" />
    <type fullname="UnityEngine.Events.PersistentListenerMode" preserve="nothing" serialized="true" />
    <type fullname="UnityEngine.RectOffset" preserve="nothing" serialized="true" />
  </assembly>
  <assembly fullname="UnityEngine.Physics2DModule, Version=0.0.0.0, Culture=neutral, PublicKeyToken=null">
    <type fullname="UnityEngine.BoxCollider2D" preserve="all" />
  </assembly>
  <assembly fullname="UnityEngine.SpriteMaskModule, Version=0.0.0.0, Culture=neutral, PublicKeyToken=null">
    <type fullname="UnityEngine.SpriteMask" preserve="all" />
  </assembly>
  <assembly fullname="UnityEngine.UI, Version=1.0.0.0, Culture=neutral, PublicKeyToken=null">
    <type fullname="UnityEngine.EventSystems.EventTrigger" preserve="all" />
    <type fullname="UnityEngine.UI.AspectRatioFitter" preserve="all" />
    <type fullname="UnityEngine.UI.Button" preserve="all" />
    <type fullname="UnityEngine.UI.CanvasScaler" preserve="all" />
    <type fullname="UnityEngine.UI.ContentSizeFitter" preserve="all" />
    <type fullname="UnityEngine.UI.GraphicRaycaster" preserve="all" />
    <type fullname="UnityEngine.UI.GridLayoutGroup" preserve="all" />
    <type fullname="UnityEngine.UI.HorizontalLayoutGroup" preserve="all" />
    <type fullname="UnityEngine.UI.Image" preserve="all" />
    <type fullname="UnityEngine.UI.Mask" preserve="all" />
    <type fullname="UnityEngine.UI.Outline" preserve="all" />
    <type fullname="UnityEngine.UI.RawImage" preserve="all" />
    <type fullname="UnityEngine.UI.Scrollbar" preserve="all" />
    <type fullname="UnityEngine.UI.ScrollRect" preserve="all" />
    <type fullname="UnityEngine.UI.Slider" preserve="all" />
    <type fullname="UnityEngine.UI.Toggle" preserve="all" />
    <type fullname="UnityEngine.UI.ToggleGroup" preserve="all" />
    <type fullname="UnityEngine.UI.VerticalLayoutGroup" preserve="all" />
    <type fullname="UnityEngine.UI.MaskableGraphic/CullStateChangedEvent" preserve="nothing" serialized="true" />
    <type fullname="UnityEngine.UI.AnimationTriggers" preserve="nothing" serialized="true" />
    <type fullname="UnityEngine.UI.Button/ButtonClickedEvent" preserve="nothing" serialized="true" />
    <type fullname="UnityEngine.UI.ColorBlock" preserve="nothing" serialized="true" />
    <type fullname="UnityEngine.UI.Navigation" preserve="nothing" serialized="true" />
    <type fullname="UnityEngine.UI.ScrollRect/ScrollRectEvent" preserve="nothing" serialized="true" />
    <type fullname="UnityEngine.UI.Scrollbar/ScrollEvent" preserve="nothing" serialized="true" />
    <type fullname="UnityEngine.UI.Slider/SliderEvent" preserve="nothing" serialized="true" />
    <type fullname="UnityEngine.UI.SpriteState" preserve="nothing" serialized="true" />
    <type fullname="UnityEngine.UI.Toggle/ToggleEvent" preserve="nothing" serialized="true" />
  </assembly>
  <assembly fullname="UnityEngine.UIModule, Version=0.0.0.0, Culture=neutral, PublicKeyToken=null">
    <type fullname="UnityEngine.Canvas" preserve="all" />
    <type fullname="UnityEngine.CanvasGroup" preserve="all" />
    <type fullname="UnityEngine.CanvasRenderer" preserve="all" />
  </assembly>
  <assembly fullname="UnityEngine.TextCoreFontEngineModule">
    <type fullname="UnityEngine.TextCore.FaceInfo" preserve="nothing" serialized="true" />
    <type fullname="UnityEngine.TextCore.Glyph" preserve="nothing" serialized="true" />
    <type fullname="UnityEngine.TextCore.GlyphMetrics" preserve="nothing" serialized="true" />
    <type fullname="UnityEngine.TextCore.GlyphRect" preserve="nothing" serialized="true" />
  </assembly>
</linker>